bounty_number,url
5607,https://civitai.com/bounties/5607
3571,https://civitai.com/bounties/3571
3503,https://civitai.com/bounties/3503
4453,https://civitai.com/bounties/4453
6664,https://civitai.com/bounties/6664
987,https://civitai.com/bounties/987
852,https://civitai.com/bounties/852
3967,https://civitai.com/bounties/3967
2180,https://civitai.com/bounties/2180
4377,https://civitai.com/bounties/4377
3949,https://civitai.com/bounties/3949
4676,https://civitai.com/bounties/4676
5234,https://civitai.com/bounties/5234
1938,https://civitai.com/bounties/1938
3635,https://civitai.com/bounties/3635
2548,https://civitai.com/bounties/2548
5090,https://civitai.com/bounties/5090
6322,https://civitai.com/bounties/6322
5124,https://civitai.com/bounties/5124
2106,https://civitai.com/bounties/2106
607,https://civitai.com/bounties/607
4460,https://civitai.com/bounties/4460
5001,https://civitai.com/bounties/5001
4971,https://civitai.com/bounties/4971
1061,https://civitai.com/bounties/1061
5426,https://civitai.com/bounties/5426
4086,https://civitai.com/bounties/4086
2075,https://civitai.com/bounties/2075
573,https://civitai.com/bounties/573
2520,https://civitai.com/bounties/2520
3912,https://civitai.com/bounties/3912
3557,https://civitai.com/bounties/3557
4154,https://civitai.com/bounties/4154
5923,https://civitai.com/bounties/5923
4513,https://civitai.com/bounties/4513
438,https://civitai.com/bounties/438
370,https://civitai.com/bounties/370
6155,https://civitai.com/bounties/6155
3767,https://civitai.com/bounties/3767
2906,https://civitai.com/bounties/2906
3502,https://civitai.com/bounties/3502
4396,https://civitai.com/bounties/4396
5511,https://civitai.com/bounties/5511
405,https://civitai.com/bounties/405
683,https://civitai.com/bounties/683
4769,https://civitai.com/bounties/4769
1637,https://civitai.com/bounties/1637
939,https://civitai.com/bounties/939
2612,https://civitai.com/bounties/2612
4443,https://civitai.com/bounties/4443
34,https://civitai.com/bounties/34
4937,https://civitai.com/bounties/4937
1071,https://civitai.com/bounties/1071
6043,https://civitai.com/bounties/6043
5141,https://civitai.com/bounties/5141
4380,https://civitai.com/bounties/4380
5614,https://civitai.com/bounties/5614
3191,https://civitai.com/bounties/3191
4892,https://civitai.com/bounties/4892
2787,https://civitai.com/bounties/2787
1783,https://civitai.com/bounties/1783
6044,https://civitai.com/bounties/6044
4790,https://civitai.com/bounties/4790
964,https://civitai.com/bounties/964
4500,https://civitai.com/bounties/4500
5189,https://civitai.com/bounties/5189
3504,https://civitai.com/bounties/3504
3516,https://civitai.com/bounties/3516
2047,https://civitai.com/bounties/2047
4253,https://civitai.com/bounties/4253
2127,https://civitai.com/bounties/2127
2006,https://civitai.com/bounties/2006
2341,https://civitai.com/bounties/2341
1181,https://civitai.com/bounties/1181
5931,https://civitai.com/bounties/5931
240,https://civitai.com/bounties/240
6293,https://civitai.com/bounties/6293
312,https://civitai.com/bounties/312
5577,https://civitai.com/bounties/5577
2420,https://civitai.com/bounties/2420
5527,https://civitai.com/bounties/5527
6373,https://civitai.com/bounties/6373
135,https://civitai.com/bounties/135
4998,https://civitai.com/bounties/4998
3137,https://civitai.com/bounties/3137
387,https://civitai.com/bounties/387
1547,https://civitai.com/bounties/1547
5331,https://civitai.com/bounties/5331
4511,https://civitai.com/bounties/4511
3382,https://civitai.com/bounties/3382
454,https://civitai.com/bounties/454
6562,https://civitai.com/bounties/6562
423,https://civitai.com/bounties/423
338,https://civitai.com/bounties/338
611,https://civitai.com/bounties/611
6187,https://civitai.com/bounties/6187
4193,https://civitai.com/bounties/4193
3398,https://civitai.com/bounties/3398
5581,https://civitai.com/bounties/5581
6561,https://civitai.com/bounties/6561
4924,https://civitai.com/bounties/4924
5300,https://civitai.com/bounties/5300
4358,https://civitai.com/bounties/4358
140,https://civitai.com/bounties/140
4567,https://civitai.com/bounties/4567
5191,https://civitai.com/bounties/5191
1318,https://civitai.com/bounties/1318
1871,https://civitai.com/bounties/1871
4091,https://civitai.com/bounties/4091
3354,https://civitai.com/bounties/3354
2763,https://civitai.com/bounties/2763
3333,https://civitai.com/bounties/3333
6498,https://civitai.com/bounties/6498
2710,https://civitai.com/bounties/2710
1940,https://civitai.com/bounties/1940
5809,https://civitai.com/bounties/5809
4899,https://civitai.com/bounties/4899
145,https://civitai.com/bounties/145
2311,https://civitai.com/bounties/2311
1611,https://civitai.com/bounties/1611
612,https://civitai.com/bounties/612
5789,https://civitai.com/bounties/5789
1254,https://civitai.com/bounties/1254
2626,https://civitai.com/bounties/2626
6038,https://civitai.com/bounties/6038
1168,https://civitai.com/bounties/1168
5390,https://civitai.com/bounties/5390
5193,https://civitai.com/bounties/5193
4826,https://civitai.com/bounties/4826
2646,https://civitai.com/bounties/2646
3379,https://civitai.com/bounties/3379
5069,https://civitai.com/bounties/5069
6031,https://civitai.com/bounties/6031
1037,https://civitai.com/bounties/1037
1327,https://civitai.com/bounties/1327
2329,https://civitai.com/bounties/2329
2102,https://civitai.com/bounties/2102
3328,https://civitai.com/bounties/3328
1388,https://civitai.com/bounties/1388
146,https://civitai.com/bounties/146
1074,https://civitai.com/bounties/1074
2048,https://civitai.com/bounties/2048
2012,https://civitai.com/bounties/2012
3688,https://civitai.com/bounties/3688
5972,https://civitai.com/bounties/5972
4619,https://civitai.com/bounties/4619
1245,https://civitai.com/bounties/1245
6622,https://civitai.com/bounties/6622
1294,https://civitai.com/bounties/1294
1721,https://civitai.com/bounties/1721