bounty_number,main_theme
5607,fictional_characters
3571,fictional_characters
3503,nsfw
4453,fictional_characters
6664,fictional_characters
987,scene_objects_clothing
852,human_deepfake
3967,nsfw
2180,human_deepfake
4377,fictional_characters
3949,human_deepfake
4676,human_attributes
5234,fictional_characters
1938,fictional_characters
3635,nsfw
2548,nsfw
5090,nsfw
6322,open_request
5124,fictional_characters
2106,fictional_characters
607,nsfw
4460,fictional_characters
5001,fictional_characters
4971,scene_objects_clothing
1061,style_and_culture
5426,fictional_characters
4086,fictional_characters
2075,human_deepfake
573,style_and_culture
2520,nsfw
3912,human_deepfake
3557,nsfw
4154,fictional_characters
5923,style_and_culture
4513,fictional_characters
438,human_deepfake
370,human_deepfake
6155,fictional_characters
3767,nsfw
2906,human_deepfake
3502,fictional_characters
4396,nsfw
5511,fictional_characters
405,fictional_characters
683,fictional_characters
4769,fictional_characters
1637,human_deepfake
939,style_and_culture
2612,fictional_characters
4443,human_attributes
34,fictional_characters
4937,nsfw
1071,fictional_characters
6043,scene_objects_clothing
5141,nsfw
4380,fictional_characters
5614,nsfw
3191,fictional_characters
4892,open_request
2787,fictional_characters
1783,human_attributes
6044,scene_objects_clothing
4790,nsfw
964,human_attributes
4500,fictional_characters
5189,open_request
3504,open_request
3516,scene_objects_clothing
2047,scene_objects_clothing
4253,scene_objects_clothing
2127,scene_objects_clothing
2006,open_request
2341,fictional_characters
1181,open_request
5931,human_attributes
240,fictional_characters
6293,scene_objects_clothing
312,nsfw
5577,open_request
2420,nsfw
5527,scene_objects_clothing
6373,fictional_characters
135,fictional_characters
4998,fictional_characters
3137,fictional_characters
387,open_request
1547,nsfw
5331,fictional_characters
4511,fictional_characters
3382,fictional_characters
454,open_request
6562,nsfw
423,scene_objects_clothing
338,nsfw
611,nsfw
6187,fictional_characters
4193,nsfw
3398,fictional_characters
5581,style_and_culture
6561,fictional_characters
4924,fictional_characters
5300,fictional_characters
4358,open_request
140,style_and_culture
4567,fictional_characters
5191,fictional_characters
1318,open_request
1871,style_and_culture
4091,fictional_characters
3354,nsfw
2763,human_deepfake
3333,human_deepfake
6498,fictional_characters
2710,fictional_characters
1940,human_attributes
5809,nsfw
4899,nsfw
145,nsfw
2311,scene_objects_clothing
1611,style_and_culture
612,style_and_culture
5789,nsfw
1254,scene_objects_clothing
2626,fictional_characters
6038,nsfw
1168,miscellaneous
5390,fictional_characters
5193,fictional_characters
4826,open_request
2646,fictional_characters
3379,fictional_characters
5069,fictional_characters
6031,fictional_characters
1037,nsfw
1327,fictional_characters
2329,fictional_characters
2102,fictional_characters
3328,human_deepfake
1388,fictional_characters
146,nsfw
1074,fictional_characters
2048,nsfw
2012,style_and_culture
3688,nsfw
5972,fictional_characters
4619,fictional_characters
1245,fictional_characters
6622,fictional_characters
1294,fictional_characters
1721,scene_objects_clothing